Detik,Menit,Jam
2.0,0.03333333333333333,0.0005555555555555556
